{"cameraMode":{"drawMode":0,"name":"Shaded","section":"Shading Mode"},"sceneLighting":true,"audioPlay":false,"sceneViewState":{"showFog":true,"showMaterialUpdate":false,"showSkybox":true,"showFlares":true,"showImageEffects":true,"showParticleSystems":true,"showVisualEffectGraphs":true},"in2DMode":false,"pivot":{"x":4.992123126983643,"y":7.514449596405029,"z":6.5247344970703129},"rotation":{"x":0.024666493758559228,"y":-0.954960823059082,"z":-0.08299380540847779,"w":-0.2838219702243805},"size":3.800781011581421,"orthographic":false}